OBJECTID,Latitude,Longitude,Functional,State,Station_Id,FIPS_Code,Concat_ID,Counts_Year,Sum_Weight_Year,Num_Days_Active,x,y
1,31.027637,-93.978351,3R,TX,WT4142,48,WT4142-48,438827,71989873,325,-93.9783509998964,31.0276370000744
2,35.55577,-82.70624,1U,NC,W01110,37,W01110-37,225439,50807257,56,-82.706239999764,35.5557699996591
3,32.67737,-107.06719,1R,NM,W00300,35,W00300-35,635838,83991224,232,-107.067190000299,32.6773700001474
4,46.970512,-122.932203,1U,WA,W97AAA,53,W97AAA-53,4396075,976114606,360,-122.932203000401,46.9705119999223
5,46.939936,-119.986146,1R,WA,W42AAA,53,W42AAA-53,1609653,301680250,356,-119.986146000293,46.9399360002559
6,47.688168,-117.069013,1U,WA,W24AAA,53,W24AAA-53,1105263,168737786,346,-117.06901299972,47.6881679997636
7,31.855812,-106.684278,3R,NM,TERESA,35,TERESA-35,175046,30858747,143,-106.684277999928,31.8558120000994
8,32.193283,-108.301116,1R,NM,P00400,35,P00400-35,2327317,559132435,219,-108.30111600033,32.1932829999894
9,48.316241,-117.811326,3R,WA,P34AAA,53,P34AAA-53,304635,45862554,365,-117.811325999997,48.3162409998532
10,47.545788,-117.214094,5R,WA,P30AAA,53,P30AAA-53,252662,24533659,366,-117.214094000225,47.5457880000495
11,46.595342,-120.47791,1U,WA,P29AAA,53,P29AAA-53,2303123,465322188,365,-120.47790999966,46.5953420001684
12,47.845357,-117.354419,3R,WA,P28AAA,53,P28AAA-53,463190,46156080,365,-117.354418999816,47.8453570000926
13,48.351983,-119.587759,3R,WA,P23AAA,53,P23AAA-53,51564,8174838,216,-119.587759000101,48.351983000297
14,48.987198,-119.455967,3R,WA,P22AAA,53,P22AAA-53,73167,12696062,366,-119.455967000376,48.987198000231
15,48.18828,-122.128497,2U,WA,P21AAA,53,P21AAA-53,254028,31144574,366,-122.128497000109,48.1882800000772
16,47.774041,-122.154753,2U,WA,P19AAA,53,P19AAA-53,1335758,186866220,363,-122.154752999658,47.7740409999566
17,47.483498,-123.079809,3R,WA,P18AAA,53,P18AAA-53,89984,16518974,250,-123.07980899988,47.4834980002872
18,46.124837,-119.601688,4R,WA,P17AAA,53,P17AAA-53,278413,62823514,364,-119.601688000216,46.1248370001188
19,47.539102,-117.400066,3R,WA,P15AAA,53,P15AAA-53,293128,45182642,298,-117.40006599985,47.5391019997921
20,46.73378,-117.224463,3R,WA,P14AAA,53,P14AAA-53,217889,37076023,348,-117.224463000225,46.7337799997264
21,46.548647,-117.096623,3R,WA,P13AAA,53,P13AAA-53,236310,40595970,365,-117.096623000252,46.5486469997692
22,47.110898,-118.430181,1R,WA,P10AAA,53,P10AAA-53,1086413,239696774,365,-118.430181000223,47.1108980001043
23,46.047791,-119.224519,1R,WA,P09AAA,53,P09AAA-53,1872334,411410720,365,-119.224519000422,46.0477909998763
24,46.427837,-120.34154,1R,WA,P08AAA,53,P08AAA-53,1506278,298364182,362,-120.341540000194,46.427837000025
25,45.57956,-122.438145,2U,WA,P06AAA,53,P06AAA-53,736507,92163069,366,-122.438145000243,45.5795600001443
26,46.438974,-117.951628,3R,WA,P05AAA,53,P05AAA-53,157872,26098482,366,-117.951628000021,46.4389739998429
27,48.831642,-122.561995,1U,WA,P04AAA,53,P04AAA-53,1201407,253232559,364,-122.56199499993,48.8316420002799
28,46.416355,-120.399232,4R,WA,P03AAA,53,P03AAA-53,316914,51582559,365,-120.39923199963,46.4163549997972
29,48.97486,-122.722599,1R,WA,P9AAAA,53,P9AAAA-53,816808,244525186,361,-122.722598999936,48.974860000161
30,47.073933,-118.409887,3R,WA,P7CAAA,53,P7CAAA-53,933572,206629464,366,-118.409886999739,47.0739330001437
31,47.43086,-122.221,2U,WA,P6AAAA,53,P6AAAA-53,3113703,454607659,364,-122.220999999599,47.4308600002453
32,47.86869,-122.244727,1U,WA,P1SAAA,53,P1SAAA-53,1832004,287644910,332,-122.244726999975,47.8686900002812
33,47.86869,-122.244727,1U,WA,P1NAAA,53,P1NAAA-53,1900475,328679946,334,-122.244726999975,47.8686900002812
34,45.343975,-118.134024,1R,OR,MC3103,41,MC3103-41,416060,97059975,177,-118.134023999637,45.3439749997812
35,45.926864,-119.326469,1R,OR,MC3006,41,MC3006-41,862383,201889540,366,-119.326468999647,45.926863999962
36,45.593309,-118.534654,1R,OR,MC3005,41,MC3005-41,877501,227715949,366,-118.534653999669,45.5933090000268
37,45.689263,-122.872179,3R,OR,MC2601,41,MC2601-41,184482,41006791,363,-122.872178999641,45.6892630001728
38,45.200672,-122.832465,1R,OR,MC2409,41,MC2409-41,1658152,357754863,363,-122.832465000156,45.2006719997853
39,45.145639,-122.886182,1U,OR,MC2408,41,MC2408-41,2126644,463490276,366,-122.886182000274,45.1456389997145
40,44.282354,-117.211633,1R,OR,MC2306,41,MC2306-41,897802,197883767,363,-117.211632999928,44.2823539998464
41,44.281189,-117.210896,1R,OR,MC2305,41,MC2305-41,810948,111715897,362,-117.210895999611,44.2811889999434
42,42.257275,-121.801015,3U,OR,MC1807,41,MC1807-41,228360,50035052,366,-121.801014999965,42.2572750003266
43,42.274518,-121.811528,3R,OR,MC1805,41,MC1805-41,311082,77804768,363,-121.811527999905,42.274517999694
44,44.47638,-121.193946,3R,OR,MC1604,41,MC1604-41,321805,76472725,366,-121.193945999573,44.476379999947
45,44.4583,-121.199504,3R,OR,MC1603,41,MC1603-41,264532,55979213,366,-121.199504000204,44.4582999999965
46,42.218537,-122.71451,1U,OR,MC1507,41,MC1507-41,966064,248044521,366,-122.714509999586,42.2185369999982
47,42.22553,-122.735069,1U,OR,MC1506,41,MC1506-41,913919,219352122,366,-122.735069000384,42.2255300002796
48,45.664975,-121.891551,1R,OR,MC1404,41,MC1404-41,928480,233703328,366,-121.891550999799,45.6649750001868
49,45.691386,-121.687736,1R,OR,MC1402,41,MC1402-41,850641,198588823,355,-121.687735999943,45.6913859999985
50,43.046248,-123.331683,1R,OR,MC1008,41,MC1008-41,592422,134395870,181,-123.331682999664,43.0462479998077
51,43.05893,-123.339593,1R,OR,MC1007,41,MC1007-41,1039446,247637743,342,-123.339592999914,43.0589300001761
52,43.951997,-121.349638,3R,OR,MC0906,41,MC0906-41,292302,59752946,366,-121.349637999927,43.9519969998258
53,32.34959,-108.76021,1R,NM,K10200,35,K10200-35,2149214,565611918,204,-108.760210000274,32.3495900003192
54,47.688168,-117.069013,1U,WA,E24AAA,53,E24AAA-53,1207034,224245489,346,-117.06901299972,47.6881679997636
55,47.158328,-122.448717,2U,WA,D3AAAA,53,D3AAAA-53,2286135,374473043,365,-122.448716999734,47.1583279999681
56,31.863028,-107.650207,4R,NM,COLUMB,35,COLUMB-35,4404,912053,27,-107.650206999726,31.8630280003746
57,40.98685,-74.09821,4U,NJ,CO0821,34,CO0821-34,17990,2018883,304,-74.0982100000624,40.9868500000381
58,46.315398,-119.093006,4R,WA,B03AAA,53,B03AAA-53,1817936,376946024,366,-119.093006000357,46.3153979999629
59,46.982645,-123.564763,3R,WA,B02AAA,53,B02AAA-53,192975,30768866,115,-123.564763000435,46.9826449997646
60,28.25513,-81.33073,2U,FL,979961,12,979961-12,47614,7648562,364,-81.3307299995938,28.2551299996049
61,26.17933,-80.30672,2U,FL,979933,12,979933-12,1977020,319574489,348,-80.3067200001976,26.1793300003764
62,26.71523,-80.68418,4U,FL,939964,12,939964-12,244754,43165835,363,-80.6841800002441,26.7152299996325
63,26.91493,-80.14379,1U,FL,939952,12,939952-12,2063107,362264720,364,-80.1437899996133,26.9149299997231
64,44.167089,-85.438125,2R,MI,833399,26,833399-26,573268,108662157,336,-85.438124999712,44.1670890000107
65,42.10912,-83.241391,1U,MI,829699,26,829699-26,5099055,1232884064,336,-83.2413909996067,42.1091199997874
66,42.18002,-83.38803,1U,MI,829189,26,829189-26,2624979,559159769,335,-83.3880300004113,42.1800199998226
67,42.219842,-83.467555,1U,MI,828839,26,828839-26,1856025,385026921,225,-83.4675550003633,42.2198420000631
68,37.938927,-87.502444,1U,IN,826500,18,826500-18,93883,13870785,34,-87.5024439995784,37.9389269998266
69,38.028472,-87.653088,5R,IN,826400,18,826400-18,57110,5614801,53,-87.6530879998383,38.0284719998845
70,42.414382,-83.764902,2U,MI,818239,26,818239-26,2465600,470948032,333,-83.7649020001036,42.41438200005
71,42.219893,-85.822686,1U,MI,807219,26,807219-26,3237184,759191172,335,-85.8226859997214,42.2198930000823
72,28.8875,-81.27905,1U,FL,799906,12,799906-12,3681708,666483798,364,-81.2790500003501,28.8874999996572
73,31.032293,-91.331135,3R,MS,790010,28,790010-28,291023,38836564,363,-91.331135000254,31.0322930001794
74,41.840637,-85.678626,3R,MI,787119,26,787119-26,430478,77054171,333,-85.6786260001138,41.8406370000029
75,42.93063,-82.506404,1U,MI,776469,26,776469-26,1234721,307937880,292,-82.5064040003224,42.9306299996977
76,42.986678,-82.908073,1R,MI,776369,26,776369-26,1111926,262841750,336,-82.9080729998962,42.9866780001038
77,46.34502,-85.983518,3R,MI,752199,26,752199-26,102166,18336197,335,-85.9835180002311,46.3450199997094
78,32.24533,-90.749464,4R,MS,750370,28,750370-28,234347,37718643,360,-90.7494639996181,32.2453299996471
79,32.353379,-90.789105,1R,MS,750340,28,750340-28,3335196,751905786,353,-90.7891050002062,32.3533790000614
80,32.441799,-90.819855,3R,MS,750220,28,750220-28,471270,61147291,362,-90.8198549998298,32.4417990002685
81,30.65501,-81.66265,1R,FL,749923,12,749923-12,3150690,613838597,364,-81.6626499997366,30.6550099999041
82,38.196409,-87.015453,1R,IN,746200,18,746200-18,789266,154471447,301,-87.0154529999458,38.1964090002974
83,21.336656,-157.885528,4U,HI,741518,15,741518-15,506962,57918794,318,-157.885528000116,21.336656000297
84,35.23862,-91.69184,5U,AR,730222,05,730222-05,172999,12758239,204,-91.6918400000151,35.2386200001216
85,35.44846,-91.72871,5R,AR,730076,05,730076-05,55003,7768460,219,-91.7287099997857,35.4484600003521
86,44.316986,-84.450243,1R,MI,724149,26,724149-26,351058,65735011,330,-84.4502429997465,44.3169860001268
87,44.26266,-84.803059,2R,MI,724129,26,724129-26,295286,54275832,324,-84.8030590000724,44.2626600000897
88,34.773983,-88.147855,3R,MS,710107,28,710107-28,677142,129142892,359,-88.1478549998265,34.7739830000764
89,28.32957,-80.77445,1U,FL,709919,12,709919-12,2647775,500379158,273,-80.7744499999395,28.3295700000427
90,43.052682,-85.936971,1R,MI,705099,26,705099-26,1404791,266294193,336,-85.9369709996738,43.0526820003006
91,42.865975,-85.801784,1U,MI,705059,26,705059-26,1296710,254486614,336,-85.8017839996905,42.8659750000616
92,33.17694,-92.63472,3R,AR,700040,05,700040-05,19333,2562761,14,-92.6347200002024,33.1769400002439
93,39.07473,-85.285816,3R,IN,695200,18,695200-18,182715,27902508,191,-85.2858159999207,39.0747299996985
94,45.140355,-84.670383,1R,MI,694049,26,694049-26,490567,86906682,336,-84.6703829997175,45.1403550002011
95,34.567237,-89.943115,1R,MS,690150,28,690150-28,1924526,344552744,351,-89.9431150003517,34.5672370003138
96,33.442974,-90.721237,3R,MS,670400,28,670400-28,353585,71651365,363,-90.7212370002166,33.4429740003524
97,35.959352,-91.539125,5R,AR,670027,05,670027-05,35122,3815672,188,-91.539125000343,35.9593519998657
98,37.938919,-87.868753,4U,IN,656300,18,656300-18,759747,89587785,289,-87.8687530000007,37.9389189997691
99,41.636859,-87.039928,3U,IN,644900,18,644900-18,199846,36128385,109,-87.039927999612,41.6368590001323
100,41.530497,-87.032536,3U,IN,644700,18,644700-18,1402333,154890482,246,-87.0325360002942,41.5304969999475
101,36.05934,-92.869152,3R,AR,641932,05,641932-05,52194,7209599,52,-92.8691519996126,36.0593399999551
102,41.44281,-86.98571,3U,IN,640436,18,640436-18,133771,25130549,41,-86.9857100000776,41.4428099999652
103,34.57944,-92.495,4U,AR,620176,05,620176-05,173833,9488004,157,-92.4949999997858,34.57943999965
104,30.7462,-85.51048,1R,FL,619968,12,619968-12,6355,1250434,358,-85.5104800001042,30.7462000001423
105,43.197753,-86.204921,2U,MI,615289,26,615289-26,1048894,170585245,291,-86.2049210000505,43.1977529997424
106,32.050438,-89.985866,3R,MS,610470,28,610470-28,575821,101635733,162,-89.9858659998945,32.0504379998739
107,45.00789,-84.10362,3R,MI,604329,26,604329-26,113799,16045405,336,-84.1036200002607,45.0078899996942
108,41.762403,-83.694656,2R,MI,588729,26,588729-26,2363583,539191709,305,-83.6946559996569,41.7624030000146
109,31.006584,-90.504288,1R,MS,570510,28,570510-28,1357961,250262360,347,-90.5042880002894,31.0065839997061
110,30.490381,-89.67244,1R,MS,550530,28,550530-28,416942,91119441,98,-89.6724400000864,30.4903809997792
111,44.96499,-92.66825,1R,WI,550154,55,550154-55,2310882,509654180,236,-92.6682499999661,44.9649900000194
112,30.90502,-85.5221,3R,FL,539957,12,539957-12,58108,7458777,351,-85.5221000002567,30.9050199999831
113,30.71949,-85.03963,4R,FL,539943,12,539943-12,131815,19932590,362,-85.0396299995653,30.7194900001484
114,42.61194,-88.98556,1R,WI,530275,55,530275-55,913421,221543831,75,-88.9855600004106,42.6119400002025
115,33.49539,-88.810395,3U,MS,530027,28,530027-28,714814,136933293,362,-88.8103949995554,33.4953899998668
116,41.227606,-86.26101,3R,IN,504600,18,504600-18,1201575,206532440,280,-86.2610099998789,41.2276059999567
117,46.031423,-85.091339,3R,MI,492029,26,492029-26,209111,36448330,336,-85.0913390000196,46.0314229998379
118,33.495957,-89.743049,3U,MS,490151,28,490151-28,315564,51031362,263,-89.7430489998581,33.4959569997443
119,30.50989,-87.29086,1U,FL,489949,12,489949-12,2225555,444615237,362,-87.2908599999377,30.509889999936
120,40.03254,-85.74003,1U,IN,483800,18,483800-18,1243770,248095909,102,-85.74003,40.0325399996695
121,42.633698,-84.021155,1U,MI,478049,26,478049-26,2188474,404910730,328,-84.021155000335,42.6336980002172
122,34.851982,-89.666606,1R,MS,470002,28,470002-28,2773570,540584569,354,-89.6666060001699,34.851981999941
123,41.653927,-86.63365,4R,IN,464500,18,464500-18,354419,25366467,308,-86.6336500003352,41.653927000157
124,41.748227,-86.76963,1U,IN,464300,18,464300-18,98584,22153144,12,-86.7696299998135,41.7482269997084
125,32.550202,-90.088694,1U,MS,450600,28,450600-28,2229636,404427594,361,-90.0886939999008,32.5502019999649
126,31.533936,-90.480118,1R,MS,430260,28,430260-28,1830461,333757335,363,-90.4801180002218,31.5339360000109
127,42.849836,-85.605761,2U,MI,419759,26,419759-26,1736593,296985967,335,-85.6057610000837,42.8498359996715
128,43.93971,-90.65091,1R,WI,410253,55,410253-55,1338322,303121192,332,-90.650909999579,43.9397099999213
129,44.833387,-85.130771,3R,MI,403069,26,403069-26,297487,45238340,303,-85.1307710003703,44.8333869998662
130,34.00366,-91.57738,3R,AR,400062,05,400062-05,315602,56588708,192,-91.5773800001607,34.0036599999943
131,42.173382,-84.364643,3U,MI,387049,26,387049-26,589893,119069308,336,-84.3646429998535,42.1733819997601
132,42.284688,-84.28328,1R,MI,387029,26,387029-26,2757340,599369339,331,-84.2832800001177,42.2846880000975
133,20.87082,-156.46669,3U,HI,380015,15,380015-15,649147,53343889,365,-156.466689999919,20.8708200004002
134,20.880833,-156.452117,3U,HI,380008,15,380008-15,196719,17320873,233,-156.452117000273,20.8808330002229
135,41.666433,-71.51112,1U,RI,380003,44,380003-44,1870395,300750314,303,-71.5111200003891,41.6664330000612
136,33.085928,-93.65741,4R,AR,370001,05,370001-05,59938,9249535,226,-93.6574099998486,33.0859279999512
137,30.38871,-83.32658,1R,FL,359902,12,359902-12,1764496,395604076,295,-83.326579999596,30.3887099996832
138,34.33017,-92.1595,1R,AR,350019,05,350019-05,104597,13182198,43,-92.1595000003351,34.3301699999568
139,42.545215,-84.443267,2U,MI,338029,26,338029-26,647950,132669024,336,-84.4432670003554,42.5452150001209
140,41.665636,-71.162367,2U,RI,330007,44,330007-44,524152,54061536,303,-71.1623670001432,41.6656359996743
141,41.628538,-71.136718,7U,RI,330006,44,330006-44,34935,2994424,274,-71.1367180003171,41.6285379997165
142,30.53374,-83.07002,1R,FL,329956,12,329956-12,3029775,649642799,312,-83.0700200001163,30.533739999678
143,41.444723,-71.476912,2U,RI,320008,44,320008-44,255894,26340073,302,-71.4769119998596,41.4447230001593
144,41.924947,-71.505067,1U,RI,319995,44,319995-44,554931,75469640,274,-71.5050670001895,41.9249470000188
145,41.924272,-71.505979,1U,RI,319994,44,319994-44,640856,88731797,291,-71.5059790004086,41.9242719997657
146,39.3141,-119.4252,1U,NV,310810,32,310810-32,3856922,724764034,340,-119.425200000136,39.3140999997093
147,41.992109,-84.642248,3R,MI,308129,26,308129-26,227844,43517933,335,-84.6422480003775,41.9921090000023
148,39.825433,-85.691511,1R,IN,303600,18,303600-18,1208990,266549373,66,-85.6915109997646,39.8254330000017
149,30.457637,-88.460323,1R,MS,301515,28,301515-28,3104154,590922888,301,-88.4603230002829,30.4576370001908
150,30.453784,-88.882994,1U,MS,301500,28,301500-28,4390963,779631678,360,-88.8829940003451,30.4537840001166
151,42.50629,-87.91223,4U,WI,300864,55,300864-55,269567,54763114,351,-87.9122299999897,42.5062899999349
152,30.25178,-82.51512,1R,FL,299936,12,299936-12,852584,158121851,148,-82.515119999588,30.2517799998878
153,39.998753,-86.003959,3U,IN,293100,18,293100-18,805572,67279926,329,-86.0039590001296,39.9987529998883
154,34.359821,-88.281461,3R,MS,291211,28,291211-28,27012,4859630,46,-88.2814609999439,34.3598209997598
155,34.214588,-88.202621,3R,MS,290007,28,290007-28,1885925,428422770,328,-88.2026210004303,34.214587999655
156,40.610049,-85.53662,1R,IN,272300,18,272300-18,3816839,751904335,345,-85.5366200002,40.6100490000178
157,46.465261,-90.192055,3U,MI,271009,26,271009-26,150992,24736046,245,-90.1920550000097,46.4652610001179
158,29.837528,-82.165278,3R,FL,269963,12,269963-12,115502,23963708,363,-82.1652779995709,29.8375279997281
159,29.54332,-82.3321,1R,FL,269904,12,269904-12,5080284,1047318320,344,-82.3320999996328,29.5433200000303
160,38.169426,-87.489835,1R,IN,266100,18,266100-18,94179,17298822,16,-87.4898350001121,38.1694259996531
161,33.151016,-89.856292,1R,MS,260685,28,260685-28,608562,131886133,155,-89.8562919998949,33.1510159996981
162,46.4655,-90.19215,3U,WI,260187,55,260187-55,175571,29256185,308,-90.1921500004442,46.4655000002877
163,42.967257,-83.781988,1U,MI,256449,26,256449-26,861920,181520579,141,-83.7819879999267,42.9672570000763
164,43.208603,-83.768874,1R,MI,256119,26,256119-26,1617665,319292404,329,-83.7688739999471,43.208603000119
165,42.012718,-71.583875,2U,RI,250057,44,250057-44,819243,115372482,272,-71.583874999916,42.0127180000584
166,42.534278,-84.820753,1R,MI,238869,26,238869-26,516683,122400516,90,-84.8207530003411,42.5342780002966
167,30.354791,-89.434161,1R,MS,230040,28,230040-28,3544598,749860853,360,-89.4341609996079,30.3547909999061
168,41.595146,-71.436242,3U,RI,230000,44,230000-44,283220,24105755,255,-71.4362419997749,41.5951460001118
169,38.283216,-85.928661,1U,IN,225400,18,225400-18,489979,76806250,65,-85.928661000289,38.2832160002259
170,46.029142,-88.060026,3R,MI,221199,26,221199-26,171279,42742444,336,-88.0600260003375,46.0291420002631
171,33.835176,-89.838841,1U,MS,220430,28,220430-28,1639792,326790122,361,-89.8388410001988,33.8351760002359
172,45.912371,-86.992369,3R,MI,212229,26,212229-26,311129,58770972,316,-86.9923690001747,45.9123709998864
173,45.729805,-87.222112,3R,MI,211459,26,211459-26,233263,35413076,306,-87.2221120004143,45.7298049998908
174,43.74528,-88.40389,4U,WI,201124,55,201124-55,67671,9121590,337,-88.4038899995996,43.7452799999342
175,43.71537,-88.6751,3R,WI,200124,55,200124-55,856074,166105361,354,-88.6750999996172,43.7153699999238
176,41.378706,-71.492733,4U,RI,200003,44,200003-44,70096,6389359,299,-71.4927330001845,41.3787060002719
177,42.820736,-84.815421,1R,MI,195319,26,195319-26,1690610,289441385,266,-84.8154209996665,42.8207359998561
178,43.0243,-84.544072,2U,MI,195019,26,195019-26,671944,143230667,335,-84.5440719997318,43.0242999997554
179,39.374088,-119.113938,1R,NV,190133,32,190133-32,1511909,363705553,345,-119.113937999627,39.3740880001259
180,44.76552,-91.4814,1U,WI,180731,55,180731-55,1661375,346983252,202,-91.4814000003973,44.7655199996823
181,27.09999,-82.23238,1U,FL,179967,12,179967-12,47735,8015681,357,-82.2323799998295,27.0999899996326
182,41.491054,-85.053854,1R,IN,172000,18,172000-18,2279825,475102115,318,-85.0538540001308,41.4910539997941
183,34.867226,-90.130619,1R,MS,170694,28,170694-28,356546,44032267,362,-90.1306190003364,34.8672259997529
184,28.05314,-82.00487,3U,FL,169927,12,169927-12,509468,85942212,359,-82.0048700002821,28.053139999612
185,46.618758,-91.94166,2R,WI,160500,55,160500-55,149188,32758110,286,-91.9416600001052,46.6187580001827
186,35.883108,-91.000364,2R,AR,160460,05,160460-05,594071,113553434,228,-91.0003640001568,35.8831079998035
187,37.63955,-76.406588,4R,VA,160090,51,160090-51,124270,18976395,335,-76.4065879998972,37.6395499997947
188,34.129044,-90.667976,3R,MS,140170,28,140170-28,282035,46389260,358,-90.6679760002089,34.1290440000638
189,41.444559,-71.792714,1R,RI,140043,44,140043-44,1268075,245133912,288,-71.7927139995767,41.4445590001219
190,42.282893,-84.872587,1R,MI,137169,26,137169-26,1724103,394727736,238,-84.8725869995705,42.2828929997208
191,42.297387,-85.023477,1R,MI,137159,26,137159-26,2251568,523431284,185,-85.0234769998778,42.297386999675
192,40.70514,-117.018278,1R,NV,132130,32,132130-32,48492,11571794,13,-117.018278000308,40.7051399999036
193,43.017766,-89.200095,4R,WI,131576,55,131576-55,200,25486,2,-89.2000949998956,43.017766000173
194,41.91652,-71.79548,3R,RI,130044,44,130044-44,81611,9499121,244,-71.7954800003714,41.9165199996968
195,41.834656,-84.998235,1R,MI,127269,26,127269-26,1804903,404445367,305,-84.9982349997574,41.8346560002844
196,33.759022,-118.021974,1U,CA,126590,06,126590-06,1835504,218206291,326,-118.021974000027,33.7590219998666
197,33.925299,-117.880164,2U,CA,126580,06,126580-06,1266380,199754931,161,-117.880163999932,33.925299000088
198,41.795959,-71.789852,3R,RI,120003,44,120003-44,168765,21731326,176,-71.7898520003191,41.7959590002506
199,41.852354,-71.768996,4R,RI,120002,44,120002-44,135777,13171066,286,-71.768996000319,41.852354000311
200,41.769077,-86.737941,1R,MI,117189,26,117189-26,564883,133909848,92,-86.7379410002066,41.7690769998611
201,32.85495,-117.119036,2U,CA,116850,06,116850-06,14514,1475689,7,-117.119035999829,32.8549500000921
202,32.857644,-117.184295,1U,CA,116830,06,116830-06,2552101,345704683,182,-117.184295000281,32.8576440001803
203,32.833755,-117.119043,1U,CA,116820,06,116820-06,1936876,235589781,268,-117.1190430004,32.8337550001541
204,33.148948,-117.196862,2U,CA,116770,06,116770-06,63049,6608617,18,-117.196861999914,33.1489480002285
205,33.065109,-117.292138,1U,CA,116610,06,116610-06,4035151,543194085,315,-117.292137999871,33.0651090000294
206,32.718359,-116.470721,1R,CA,116210,06,116210-06,518039,85000880,185,-116.470720999592,32.7183590002667
207,39.46354,-87.07009,1R,IN,110106,18,110106-18,3889,701608,1,-87.0700899997799,39.4635400000875
208,41.576185,-71.773025,4R,RI,110031,44,110031-44,81777,11246079,320,-71.7730250000638,41.5761849996954
209,28.02784,-82.20347,1U,FL,109962,12,109962-12,34,986,2,-82.2034699996394,28.0278399996772
210,27.88925,-82.3483,1U,FL,109953,12,109953-12,1672744,277646322,338,-82.3483000000743,27.8892500003433
211,39.779033,-75.47743,1U,DE,105004,10,105004-10,1864542,443544041,322,-75.4774300001352,39.7790329997342
212,37.844278,-120.546106,3R,CA,104200,06,104200-06,50948,5139521,41,-120.546105999713,37.844277999939
213,39.117933,-75.51111,5U,DE,104002,10,104002-10,41114,4651266,208,-75.5111099996868,39.1179329998311
214,35.218904,-114.123193,7R,AZ,103998,04,103998-04,140386,32909208,364,-114.123193000337,35.2189039999431
215,37.01576,-113.613404,7R,AZ,103996,04,103996-04,253222,65476123,360,-113.613404000265,37.0157599997703
216,37.12857,-121.03133,1R,CA,102850,06,102850-06,426616,77323521,80,-121.031329999707,37.1285699996456
217,37.086928,-120.999063,1R,CA,102840,06,102840-06,11688,2228844,2,-120.999062999791,37.0869280000454
218,34.90968,-109.23819,5R,AZ,102237,04,102237-04,34185,4396487,361,-109.23819000019,34.9096799997301
219,35.25933,-111.5513,3U,AZ,102068,04,102068-04,174287,17829002,104,-111.551299999751,35.2593299996934
220,34.46044,-110.4024,5R,AZ,101563,04,101563-04,84516,12062673,361,-110.402400000401,34.4604400001466
221,35.70941,-109.53481,4R,AZ,101555,04,101555-04,165658,14688719,228,-109.534809999659,35.7094099998208
222,34.04047,-109.67381,5R,AZ,101533,04,101533-04,43562,2654719,169,-109.673810000375,34.0404699998824
223,34.285399,-110.132964,3U,AZ,101520,04,101520-04,188603,15871992,315,-110.132963999695,34.2853989999726
224,33.15329,-112.64996,3R,AZ,100920,04,100920-04,1527669,323461511,359,-112.649960000156,33.1532899999782
225,31.38946,-109.51246,5R,AZ,100879,04,100879-04,33677,6232146,328,-109.512459999832,31.3894599996468
226,35.21986,-109.326,1R,AZ,100575,04,100575-04,3762030,1035060750,363,-109.326000000311,35.2198600000359
227,34.7289,-114.33119,1R,AZ,100501,04,100501-04,1930437,508888903,285,-114.331190000099,34.7289000000508
228,32.24778,-109.1374,1R,AZ,100192,04,100192-04,3063485,812132474,363,-109.137399999984,32.2477799999703
229,33.608036,-114.489793,1R,AZ,100064,04,100064-04,1155941,292552886,213,-114.489793000114,33.6080359997736
230,32.919662,-112.646475,1R,AZ,100023,04,100023-04,1296816,318188698,363,-112.646475000384,32.9196619998944
231,32.704399,-114.610406,1U,AZ,100002,04,100002-04,836651,160847635,179,-114.610405999727,32.7043989999667
232,43.645933,-83.981905,1R,MI,96429,26,096429-26,757759,124170686,305,-83.9819049995591,43.6459330002382
233,21.396119,-158.162154,3U,HI,93068,15,093068-15,700036,47553086,340,-158.162153999575,21.3961190001271
234,45.08053,-91.50293,5R,WI,90003,55,090003-55,35885,3831475,350,-91.5029300000669,45.0805300000954
235,34.030508,-117.59347,2U,CA,88770,06,088770-06,10436359,1796235148,326,-117.593469999873,34.0305080003213
236,34.004809,-117.650819,3U,CA,88690,06,088690-06,260684,38301552,52,-117.650819000075,34.004808999851
237,40.897256,-124.083293,1U,CA,88550,06,088550-06,832174,210819413,90,-124.083292999887,40.8972560000112
238,34.065574,-117.502159,1U,CA,88240,06,088240-06,1089371,173404142,85,-117.502159000087,34.0655740003423
239,33.64269,-116.13335,4U,CA,87780,06,087780-06,942822,182666461,234,-116.133349999847,33.6426900003068
240,34.08676,-117.20064,3U,CA,87570,06,087570-06,2092609,305308118,300,-117.200639999589,34.0867600001595
241,33.446954,-117.136185,1U,CA,86090,06,086090-06,357180,56361130,76,-117.136185000299,33.4469540003498
242,33.924571,-116.860838,1U,CA,86080,06,086080-06,145484,32374147,15,-116.860837999683,33.9245710000129
243,34.113079,-117.524003,1U,CA,86050,06,086050-06,1567061,283659190,167,-117.524002999576,34.1130789999917
244,34.902581,-116.886774,1R,CA,86040,06,086040-06,3052408,636753708,296,-116.886773999565,34.9025809997201
245,33.931388,-116.831227,1U,CA,80020,06,080020-06,2619611,529073434,268,-116.83122700006,33.9313879997303
246,36.32949,-93.565106,5R,AR,80004,05,080004-05,107599,21947876,216,-93.5651059996527,36.3294900001681
247,26.75402,-81.05527,3R,FL,79918,12,079918-12,689780,93958116,356,-81.0552699998985,26.7540200003255
248,33.776911,-118.233921,2U,CA,79140,06,079140-06,2656,481488,15,-118.233920999891,33.7769109998465
249,33.759237,-118.23564,1U,CA,79120,06,079120-06,3570,483275,4,-118.235639999849,33.7592370000893
250,40.897256,-124.083293,2U,CA,79090,06,079090-06,1310652,187796587,322,-124.083292999887,40.8972560000112
251,34.208703,-118.473316,1U,CA,79020,06,079020-06,2535097,320209397,241,-118.473315999905,34.2087029998037
252,40.73808,-114.04378,1R,NV,75280,32,075280-32,494948,123985263,154,-114.04377999964,40.7380799998087
253,40.949513,-115.604964,1R,NV,75260,32,075260-32,1401980,343951803,364,-115.604964000407,40.9495129998006
254,33.856249,-118.203473,1U,CA,74210,06,074210-06,2477082,458554507,203,-118.203473000391,33.8562489999361
255,41.76994,-71.429145,1U,RI,70010,44,070010-44,780724,102267660,181,-71.4291450000099,41.7699399999022
256,41.769772,-71.428532,1U,RI,70008,44,070008-44,1101560,148457529,232,-71.4285320004397,41.7697719998904
257,37.140116,-120.271453,3R,CA,69920,06,069920-06,1477512,255455111,323,-120.271452999756,37.1401160001621
258,35.329737,-118.807563,3R,CA,69720,06,069720-06,13372,2998524,2,-118.807562999553,35.3297370001862
259,44.07044,-91.63306,4R,WI,60276,55,060276-55,221848,36022986,332,-91.6330599997351,44.070440000239
260,35.655549,-120.398202,5R,CA,55440,06,055440-06,175889,26188920,66,-120.398202000308,35.6555490001491
261,39.003308,-119.779539,3R,NV,53170,32,053170-32,13047,1370465,6,-119.779538999703,39.0033080001831
262,36.707679,-77.151803,3R,VA,50428,51,050428-51,518610,103071218,334,-77.1518029996141,36.7076790001401
263,38.139791,-122.466882,3R,CA,49150,06,049150-06,1378013,158087901,326,-122.46688200018,38.1397909999825
264,37.562171,-121.905357,1R,CA,49140,06,049140-06,545709,71630837,147,-121.90535699989,37.5621709999013
265,38.296521,-122.301691,3U,CA,49130,06,049130-06,1169171,96427923,298,-122.301691000213,38.2965209996846
266,38.001412,-122.149526,2U,CA,49120,06,049120-06,448405,49393309,104,-122.149526000362,38.0014119997588
267,37.566167,-122.270574,2U,CA,49100,06,049100-06,665841,75084212,118,-122.270574000168,37.56616700028
268,37.619599,-122.075838,1U,CA,49090,06,049090-06,1979479,236858821,326,-122.075837999801,37.619599000055
269,37.012726,-121.344319,3R,CA,49070,06,049070-06,2018249,333849161,317,-121.344318999672,37.0127259999176
270,38.215109,-122.220052,4R,CA,49060,06,049060-06,1391642,155609556,300,-122.220052000293,38.2151089997563
271,37.598467,-122.374125,2U,CA,49050,06,049050-06,1274919,129777017,304,-122.374125000248,37.5984669998721
272,37.449772,-122.277601,1U,CA,49040,06,049040-06,1103655,85122461,318,-122.277600999613,37.4497719999418
273,38.417064,-121.944221,1U,CA,49030,06,049030-06,1202021,137132949,252,-121.944220999978,38.4170639999073
274,37.993427,-122.301588,1U,CA,49020,06,049020-06,2434,246750,1,-122.301588000281,37.9934269998121
275,38.39586,-121.924008,1U,CA,49010,06,049010-06,1931153,276880645,323,-121.924007999685,38.3958600001484
276,37.723637,-121.940148,1U,CA,49000,06,049000-06,202493,22811466,56,-121.940147999853,37.7236369997793
277,37.226341,-121.975222,2U,CA,44320,06,044320-06,945244,76801663,203,-121.975221999672,37.2263409998173
278,40.597695,-87.380067,3R,IN,41000,18,041000-18,371254,70475308,282,-87.3800669998012,40.5976950000197
279,36.488461,-94.377318,5R,AR,40712,05,040712-05,338833,55264741,64,-94.3773180000462,36.4884610001417
280,42.437088,-86.247634,1R,MI,37319,26,037319-26,779803,171487189,305,-86.2476339999584,42.4370880001151
281,35.720361,-115.362944,1U,NV,35440,32,035440-32,3240960,721674093,362,-115.362944000063,35.7203610002757
282,38.671228,-121.59102,1R,CA,35430,06,035430-06,694166,128059242,63,-121.591019999688,38.6712279997277
283,35.934211,-114.839246,1R,NV,35410,32,035410-32,1390941,295616837,351,-114.839245999969,35.9342110001045
284,36.030361,-115.180625,1U,NV,35340,32,035340-32,2023483,391893584,162,-115.18062500044,36.0303609999533
285,38.337018,-121.332705,3R,CA,35010,06,035010-06,2967545,442231146,234,-121.332705000265,38.3370180000187
286,38.707482,-121.309458,1U,CA,33000,06,033000-06,1605885,256049940,338,-121.309458000287,38.7074820002252
287,38.707482,-121.309458,1U,CA,32990,06,032990-06,2043042,320239555,337,-121.309458000287,38.7074820002252
288,39.754188,-121.845142,2U,CA,32010,06,032010-06,1221122,121831879,215,-121.845142000233,39.7541879997295
289,38.978191,-121.108313,4R,CA,32000,06,032000-06,79095,5663307,31,-121.108313000068,38.9781909997152
290,36.26891,-115.25865,2U,NV,30720,32,030720-32,1165349,134340251,348,-115.258649999819,36.2689100002244
291,36.62766,-79.36465,3R,VA,30387,51,030387-51,215407,45478454,328,-79.3646500001224,36.6276599997005
292,31.125969,-90.852498,4R,MS,30090,28,030090-28,201377,31115590,358,-90.8524980003871,31.1259689999853
293,40.32697,-122.28118,1R,CA,23130,06,023130-06,252087,48679884,51,-122.281179999994,40.3269700000726
294,41.7789,-122.04739,3R,CA,23110,06,023110-06,93810,19642620,84,-122.047389999568,41.7788999996719
295,40.716633,-122.330353,1R,CA,23090,06,023090-06,1133835,247304117,148,-122.330352999808,40.7166330000208
296,41.150113,-84.828407,2R,IN,22700,18,022700-18,371656,82796211,57,-84.8284069995997,41.1501129997625
297,40.283945,-120.490447,3R,CA,21500,06,021500-06,448134,62231576,319,-120.490447000055,40.2839450000043
298,39.109099,-123.195127,3R,CA,19330,06,019330-06,87656,9501437,19,-123.195127000425,39.1090989999273
299,39.075935,-122.930874,3U,CA,17720,06,017720-06,85688,7750375,123,-122.930874000431,39.075935000185
300,40.914752,-85.010336,3R,IN,12200,18,012200-18,463340,72851537,243,-85.0103360001339,40.9147520002523
301,39.32409,-118.782109,3R,NV,12140,32,012140-32,278746,64179559,353,-118.78210899972,39.3240899999636
302,40.637084,-124.211723,3R,CA,11100,06,011100-06,41416,3986222,23,-124.211722999864,40.6370839998111
303,34.36908,-91.15166,3R,AR,10009,05,010009-05,18350,3252641,64,-91.1516600003449,34.369080000185
304,39.553129,-74.810171,4R,NJ,00322H,34,00322H-34,60735,8059356,247,-74.8101710002001,39.5531290001
305,39.807002,-75.293455,1U,NJ,00295L,34,00295L-34,475158,81895421,56,-75.2934550003031,39.8070020001039
306,39.694023,-75.468495,1U,NJ,00295D,34,00295D-34,854969,166036179,362,-75.4684949996882,39.6940230002677
307,39.921522,-74.978593,1U,NJ,00295C,34,00295C-34,1279515,222029798,242,-74.9785930003943,39.9215219996561
308,40.751953,-74.526054,1U,NJ,00287A,34,00287A-34,520570,107024395,90,-74.5260539998921,40.7519530002768
309,41.257015,-74.800888,2R,NJ,00206S,34,00206S-34,75215,10145849,281,-74.8008879995986,41.2570150001235
310,40.429158,-74.658381,3U,NJ,00206M,34,00206M-34,84236,13286080,119,-74.6583810002676,40.4291580001744
311,39.77519,-74.73876,3R,NJ,00206A,34,00206A-34,198207,31766575,337,-74.7387599998142,39.7751899997808
312,40.55392,-74.72201,4U,NJ,00202B,34,00202B-34,205954,38710335,242,-74.7220099995518,40.5539200002087
313,40.20176,-74.6529,1U,NJ,00195B,34,00195B-34,1336129,250880838,303,-74.6528999996301,40.2017600001369
314,40.159114,-74.693948,3U,NJ,00130B,34,00130B-34,211611,32237446,340,-74.6939480000067,40.1591139998641
315,40.297203,-74.515621,3U,NJ,00130A,34,00130A-34,261495,41859013,232,-74.5156210003183,40.2972030000666
316,40.286804,-74.749097,1U,NJ,00095B,34,00095B-34,187770,31941438,135,-74.7490970000268,40.2868039998946
317,40.907203,-74.602102,1U,NJ,00080B,34,00080B-34,3763029,773129103,358,-74.6021019995701,40.907202999853
318,40.672244,-75.114044,1U,NJ,00078E,34,00078E-34,1380042,305600962,148,-75.1140439999681,40.6722440003134
319,39.678569,-74.234353,3U,NJ,00072B,34,00072B-34,423873,188339072,352,-74.2343529997474,39.6785690002384
320,39.89403,-74.89123,3U,NJ,00070B,34,00070B-34,261494,38609981,363,-74.8912300001623,39.8940299997802
321,40.104193,-74.693763,4R,NJ,00068A,34,00068A-34,40422,5025030,102,-74.6937630000588,40.1041930001166
322,40.83056,-74.83045,3U,NJ,00057B,34,00057B-34,210261,29660418,366,-74.8304499997169,40.8305600002312
323,39.393771,-75.014964,3U,NJ,00049M,34,00049M-34,142003,24774670,334,-75.0149640003975,39.3937709997068
324,39.363777,-74.931211,4R,NJ,00049C,34,00049C-34,128382,24648988,364,-74.9312109996107,39.3637770002425
325,39.682415,-75.456987,3R,NJ,00040A,34,00040A-34,254510,47522697,184,-75.4569869996886,39.6824149997125
326,39.970239,-74.736965,3U,NJ,00038S,34,00038S-34,173454,21849254,362,-74.7369649996882,39.9702389999713
327,40.19167,-74.117112,4R,NJ,00034B,34,00034B-34,131207,17459008,172,-74.1171119999279,40.1916700002732
328,40.221667,-74.133287,3R,NJ,00033W,34,00033W-34,397003,56132754,357,-74.1332870002551,40.2216669997706
329,40.572014,-74.860093,3U,NJ,00031D,34,00031D-34,75208,11921594,112,-74.860093000026,40.5720140000165
330,40.724813,-74.972299,3U,NJ,00031C,34,00031C-34,340321,60185775,351,-74.9722990001702,40.7248130000741
331,40.38928,-74.83043,3R,NJ,00031B,34,00031B-34,271297,47602068,363,-74.8304299996254,40.3892799998806
332,39.603932,-74.755766,3U,NJ,00030M,34,00030M-34,149661,21059594,340,-74.7557660001697,39.6039319998268
333,39.487859,-74.588967,3U,NJ,00030G,34,00030G-34,141364,16669141,294,-74.588966999674,39.4878589996824
334,40.591261,-74.64949,4U,NJ,00022B,34,00022B-34,75799,17512061,139,-74.6494900002015,40.59126100013
335,40.51915,-74.45163,2U,NJ,00018D,34,00018D-34,661418,111880118,365,-74.4516299997376,40.5191500002522
336,40.499987,-74.441285,2U,NJ,00018C,34,00018C-34,526002,85493279,213,-74.4412850000274,40.499987000315
337,40.280498,-74.128344,2U,NJ,00018B,34,00018B-34,295052,43517998,262,-74.1283439997429,40.2804979999166
338,19.804361,-155.099845,3R,HI,00017J,15,00017J-15,283953,25728053,359,-155.099844999859,19.8043609997688
339,41.064517,-74.128833,2U,NJ,00017B,34,00017B-34,1897678,365933843,237,-74.1288330003628,41.0645169996978
340,39.592148,-74.426403,6R,NJ,00009B,34,00009B-34,68570,8636882,361,-74.4264029996859,39.592148000241
341,40.814021,-74.108484,2U,NJ,00003R,34,00003R-34,2035482,317742435,331,-74.1084839996275,40.8140209999074
342,40.829241,-74.137738,2U,NJ,00003C,34,00003C-34,265527,41249857,88,-74.1377379997743,40.8292409999408
343,30.47934,-90.521444,1U,LA,00002W,22,00002W-22,3378246,825106813,328,-90.5214440004327,30.4793400002847
344,32.452154,-94.022037,1U,LA,00001W,22,00001W-22,2057990,494712773,321,-94.0220370001228,32.4521540000145
345,41.926646,-74.863374,3R,NY,9631,36,009631-36,171208,38248263,197,-74.8633739995832,41.9266459997386
346,42.714497,-74.27337,1R,NY,9580,36,009580-36,5460,875798,3,-74.2733699999964,42.7144970000788
347,41.237146,-73.060137,1U,CT,9031,09,009031-09,641518,114265120,45,-73.0601369997592,41.2371460003271
348,42.02505,-72.143019,1R,CT,9027,09,009027-09,472913,111871764,102,-72.1430190002743,42.0250500002805
349,41.423019,-73.366707,1U,CT,9024,09,009024-09,394929,79048262,46,-73.3667069998266,41.4230190002829
350,41.517996,-72.11959,1U,CT,9007,09,009007-09,417112,73987156,103,-72.1195899998233,41.517995999793
351,41.384882,-73.55763,1U,NY,8411,36,008411-36,456731,104284789,54,-73.5576300003591,41.3848820000896
352,41.355644,-74.689464,1U,NY,8382,36,008382-36,1338472,324485931,247,-74.6894639999772,41.3556439998093
353,41.535439,-73.784399,1U,NY,8280,36,008280-36,830815,153359884,105,-73.7843990002899,41.5354389996929
354,38.7384,-75.59235,3R,DE,8096,10,008096-10,566503,211351271,354,-75.5923500002972,38.7383999999879
355,38.719433,-75.11578,3R,DE,8076,10,008076-10,257538,34022433,305,-75.1157799996446,38.7194329999161
356,39.606117,-75.78116,3U,DE,8015,10,008015-10,303235,41165860,270,-75.7811599997881,39.606116999711
357,44.33754,-75.98627,1R,NY,7381,36,007381-36,326312,109476401,297,-75.9862700001779,44.3375399999721
358,44.999666,-73.360975,3R,NY,7181,36,007181-36,176494,41429794,332,-73.3609750000173,44.9996660001201
359,44.989267,-73.45711,1R,NY,7100,36,007100-36,345351,94881415,233,-73.4571099995914,44.9892669997483
360,42.102223,-77.156241,3R,NY,6485,36,006485-36,519442,103848496,157,-77.1562409996128,42.1022229999639
361,42.443636,-76.907886,3R,NY,6340,36,006340-36,127382,26626695,351,-76.9078859999359,42.4436360002053
362,42.329033,-77.737406,1R,NY,6100,36,006100-36,474775,116688477,323,-77.7374059999105,42.329033000185
363,38.244329,-92.60349,3R,MO,5554,29,005554-29,455281,63318336,342,-92.6034900001796,38.2443290002326
364,38.244069,-92.60344,3R,MO,5552,29,005552-29,675790,57113103,262,-92.6034399999509,38.2440689997308
365,43.004086,-78.921739,4U,NY,5381,36,005381-36,17737,1683879,19,-78.9217390000032,43.0040860000632
366,42.129776,-79.758432,1R,NY,5280,36,005280-36,34035,7227473,31,-79.7584319999107,42.1297759998941
367,42.50688,-70.9173,2U,MA,4926,25,004926-25,48574,12388844,136,-70.9172999996962,42.5068800001251
368,42.606999,-71.331492,1U,MA,4285,25,004285-25,2035318,928545917,324,-71.3314920003192,42.6069989998913
369,42.979645,-78.160652,3R,NY,4181,36,004181-36,39394,9296847,31,-78.1606519999078,42.9796449998958
370,42.790396,-76.125239,1R,NY,3311,36,003311-36,1104648,273221488,234,-76.1252390000337,42.7903959999294
371,42.383071,-72.631397,1R,MA,2396,25,002396-25,130746,29112169,97,-72.6313969996039,42.3830709998821
372,43.435716,-73.460643,3R,NY,1800,36,001800-36,143057,27278364,99,-73.460642999942,43.435715999801
373,40.867228,-74.048501,1U,NJ,0080DL,34,0080DL-34,3444137,586295025,359,-74.0485009997735,40.8672279998437
374,33.989322,-87.775176,1R,AL,966,01,000966-01,1022834,156158223,182,-87.7751759999105,33.9893219998252
375,32.391856,-85.985556,1R,AL,965,01,000965-01,1370695,198669311,171,-85.9855560000314,32.3918559996633
376,31.369363,-85.56542,3R,AL,964,01,000964-01,742514,92475566,165,-85.5654199998869,31.3693629999074
377,30.498566,-88.323688,1R,AL,963,01,000963-01,2703952,440748539,182,-88.323687999605,30.498566000086
378,30.888363,-88.025668,1U,AL,961,01,000961-01,98951,15597783,139,-88.0256680000201,30.8883629996337
379,31.647349,-87.708194,3R,AL,960,01,000960-01,246385,40022212,182,-87.7081940002007,31.6473490001193
380,32.015528,-86.030231,3R,AL,942,01,000942-01,769622,126822148,150,-86.0302309995715,32.0155280001809
381,33.74024,-87.033144,3R,AL,934,01,000934-01,225310,16450626,151,-87.0331439998414,33.7402399998533
382,59.47765,-135.29456,3R,AK,934,02,000934-02,21002,2759906,336,-135.29456,59.4776500001137
383,44.522488,-100.067789,3R,SD,924,46,000924-46,14486,3391799,82,-100.067789000101,44.5224880003056
384,44.512799,-100.036068,3R,SD,923,46,000923-46,8198,1680529,44,-100.036067999809,44.5127989997802
385,44.4932,-100.086499,3R,SD,922,46,000922-46,1414,303420,8,-100.086499000346,44.493200000167
386,31.375041,-88.034495,3R,AL,915,01,000915-01,410456,51622481,182,-88.0344949996138,31.375040999981
387,33.029262,-86.113568,3R,AL,911,01,000911-01,96993,9100180,179,-86.1135680004318,33.0292620001094
388,45.630702,-96.989979,1R,SD,910,46,000910-46,136602,30928408,102,-96.9899789997279,45.6307019999892
389,44.368299,-97.733411,3R,SD,909,46,000909-46,41453,6894502,82,-97.7334109999127,44.3682990001168
390,45.457754,-98.152935,3R,SD,903,46,000903-46,16860,3654026,17,-98.1529350003119,45.4577540001154
391,44.324664,-103.435561,1R,SD,901,46,000901-46,165444,34593676,78,-103.435560999671,44.3246639998922
392,40.8162,-91.1574,3U,IA,816,19,000816-19,512316,90275040,363,-91.1573999996518,40.8161999997956
393,43.608887,-96.46103,1R,SD,813,46,000813-46,171529,33448507,75,-96.4610300000477,43.6088869998254
394,43.999,-103.18,3R,SD,812,46,000812-46,102649,18442205,103,-103.179999999551,43.9989999998463
395,44.60173,-103.860951,3R,SD,811,46,000811-46,68403,10542369,80,-103.860950999774,44.6017300001375
396,42.646408,-96.630271,1R,SD,809,46,000809-46,59424,13187919,17,-96.6302709996763,42.6464080001973
397,43.665649,-97.807574,1R,SD,807,46,000807-46,211672,45638970,72,-97.8075739999513,43.6656490003243
398,43.63064,-96.769888,1R,SD,806,46,000806-46,218041,47158746,76,-96.7698880001607,43.6306400002844
399,43.911399,-100.346546,1R,SD,805,46,000805-46,222911,49353308,91,-100.346546000145,43.9113989999912
400,44.883464,-100.082076,3R,SD,804,46,000804-46,27998,6031447,83,-100.082076000416,44.8834640000163
401,43.303464,-100.532339,3R,SD,802,46,000802-46,17533,3264472,84,-100.53233899967,43.3034639999151
402,43.455779,-97.997574,3R,SD,801,46,000801-46,43705,8905856,82,-97.9975740003939,43.4557790000799
403,39.259234,-82.684552,3R,OH,788,39,000788-39,99870,14585882,365,-82.6845519999106,39.2592339997253
404,39.457783,-82.214497,2U,OH,786,39,000786-39,590633,98973338,257,-82.2144970003134,39.4577829999773
405,40.806236,-81.826031,3R,OH,779,39,000779-39,762335,141380833,277,-81.8260310004077,40.806236000033
406,40.641207,-81.335953,5R,OH,776,39,000776-39,156585,19690622,365,-81.3359529995901,40.6412070001228
407,40.064864,-80.986614,1R,OH,775,39,000775-39,3714267,802645647,309,-80.9866140004366,40.0648639996653
408,40.87607,-80.592169,6R,OH,774,39,000774-39,1433,217294,3,-80.5921689999511,40.8760699999273
409,39.472199,-81.438873,5R,OH,773,39,000773-39,244052,37107197,365,-81.438872999658,39.4721989998273
410,41.229777,-80.72351,3U,OH,764,39,000764-39,518481,94816027,366,-80.7235099995892,41.2297769998954
411,40.741966,-84.580994,4R,OH,738,39,000738-39,615903,127999754,261,-84.5809940002791,40.7419659996769
412,40.782904,-84.051842,1U,OH,736,39,000736-39,4106435,859848967,366,-84.0518420002094,40.7829040001957
413,41.943121,-80.501178,1R,PA,713,42,000713-42,2543561,570446218,304,-80.5011779998322,41.9431209997253
414,39.812208,-77.704004,1R,PA,712,42,000712-42,6390369,1396175733,360,-77.7040040001932,39.8122080000162
415,39.824099,-83.999881,1U,OH,711,39,000711-39,486393,77163066,121,-83.9998809998601,39.8240990002295
416,40.726301,-80.102182,1U,PA,710,42,000710-42,2557485,387549729,363,-80.1021820002684,40.7263010002437
417,41.011696,-76.273355,1R,PA,709,42,000709-42,4998323,1118248060,366,-76.2733550000486,41.0116960001844
418,39.744305,-80.065681,1R,PA,706,42,000706-42,891406,154360910,169,-80.0656809996705,39.7443050000834
419,40.239238,-76.042142,2R,PA,703,42,000703-42,2022398,323578599,355,-76.0421420002713,40.2392379997265
420,39.081808,-82.63786,3R,OH,703,39,000703-39,9747,1963684,2,-82.6378599995883,39.081807999688
421,40.360927,-76.708743,1U,PA,701,42,000701-42,4268018,926414095,364,-76.7087430004304,40.3609269996892
422,40.63183,-79.24604,3R,PA,700,42,000700-42,704640,116194076,366,-79.2460400001492,40.6318299997699
423,39.933433,-75.111472,1U,NJ,676,34,000676-34,381384,63571764,266,-75.1114720002405,39.933433000019
424,40.740416,-73.819606,1U,NY,580,36,000580-36,2226744,301559624,211,-73.8196060001789,40.7404160000217
425,63.32646,-142.85622,1R,AK,574,02,000574-02,58895,7696556,314,-142.856220000432,63.3264600000753
426,64.95235,-147.62206,3R,AK,572,02,000572-02,165552,25369969,306,-147.622060000413,64.9523500000871
427,39.813809,-75.106138,2U,NJ,552,34,000552-34,535971,94041828,180,-75.1061379999161,39.8138089999466
428,39.549284,-75.058438,2U,NJ,551,34,000551-34,1142621,226291029,352,-75.0584380000135,39.5492839997358
429,40.439877,-78.412337,4U,PA,506,42,000506-42,322466,23451066,359,-78.4123370004441,40.439877000045
430,40.493782,-77.095334,3R,PA,505,42,000505-42,1353017,262273496,365,-77.0953339998441,40.4937819999479
431,41.416787,-84.086581,2U,OH,504,39,000504-39,2738886,609276150,327,-84.0865810002933,41.4167870000934
432,41.197749,-80.099628,1R,PA,502,42,000502-42,4797291,1110071248,361,-80.0996280000841,41.1977489999011
433,61.6713,-149.0709,1R,AK,444,02,000444-02,128115,11950616,306,-149.070900000045,61.6713000001922
434,60.51131,-150.90788,1R,AK,443,02,000443-02,313202,28976109,347,-150.907880000068,60.5113100001706
435,42.599815,-71.362704,1U,MA,414,25,000414-25,567888,120697725,48,-71.3627039999002,42.5998150000829
436,21.380383,-157.903851,1U,HI,411,15,000411-15,789807,73773455,356,-157.903850999848,21.3803829997754
437,41.972583,-77.24056,4R,PA,410,42,000410-42,123673,12599441,274,-77.2405600001141,41.9725830002783
438,32.29008,-83.44045,3R,GA,385,13,000385-13,280101,60454500,332,-83.4404500003449,32.2900800002892
439,34.25742,-85.42741,3R,GA,384,13,000384-13,157200,35505197,153,-85.4274100001059,34.2574200003083
440,32.15417,-81.35647,3R,GA,383,13,000383-13,59582,13646641,28,-81.3564699996565,32.1541700002691
441,32.13552,-81.17181,5U,GA,380,13,000380-13,299428,51909625,176,-81.1718100002843,32.1355199996499
442,40.411344,-96.708056,3R,NE,356,31,000356-31,8720,2275658,4,-96.708055999754,40.41134399999
443,40.820714,-98.247336,1R,NE,355,31,000355-31,15478,4660667,5,-98.2473359998594,40.8207140001619
444,41.112472,-102.935703,1R,NE,354,31,000354-31,3083,800951,5,-102.935702999931,41.1124719997033
445,42.447272,-96.385489,1U,NE,353,31,000353-31,5993,1485778,6,-96.3854889996346,42.4472719998146
446,40.373114,-99.465367,3R,NE,352,31,000352-31,1600,420353,4,-99.4653669999454,40.3731140001896
447,30.73387,-84.45188,3R,GA,342,13,000342-13,64804,13593164,61,-84.4518799996888,30.7338700000335
448,32.1438,-81.17083,2U,GA,341,13,000341-13,1796920,369833952,314,-81.1708300002931,32.1437999996932
449,41.43374,-78.714519,3R,PA,324,42,000324-42,210330,33718316,366,-78.7145189998432,41.433739999798
450,43.234704,-113.990192,4R,ID,324,16,000324-16,68379,17829680,314,-113.990192000292,43.2347040001054
451,39.655355,-74.956491,3U,NJ,322,34,000322-34,26059,4259374,100,-74.9564910002642,39.6553550002315
452,47.554915,-116.374111,1R,ID,320,16,000320-16,625080,161364260,223,-116.374110999642,47.554914999906
453,48.455775,-116.475801,3R,ID,319,16,000319-16,246195,61141129,334,-116.475801000371,48.4557749997821
454,47.32348,-116.5555,3R,ID,318,16,000318-16,222456,40505121,353,-116.555500000401,47.323479999781
455,40.355379,-78.433881,1U,PA,317,42,000317-42,929106,165249429,365,-78.4338810003574,40.3553790003065
456,42.200031,-97.426067,3R,NE,311,31,000311-31,2248,597904,4,-97.4260669997183,42.2000309996981
457,40.306919,-99.7864,3R,NE,310,31,000310-31,2238,594583,4,-99.7864000000547,40.3069190000899
458,41.451119,-96.416622,3R,NE,309,31,000309-31,564,145491,4,-96.416621999573,41.451119000143
459,42.423689,-97.119939,3R,NE,308,31,000308-31,2725,678326,4,-97.1199390004151,42.4236890002768
460,40.669303,-99.031097,1R,NE,307,31,000307-31,19067,5516900,4,-99.0310969996471,40.6693030002233
461,40.821992,-98.038497,1R,NE,306,31,000306-31,14902,4336786,3,-98.0384970001987,40.8219920003311
462,61.28052,-149.62313,1R,AK,306,02,000306-02,166872,25892392,233,-149.623130000038,61.280519999936
463,39.956098,-74.922702,1U,NJ,295,34,000295-34,124201,23017453,28,-74.9227020000343,39.9560979998868
464,32.09959,-81.22126,3U,GA,293,13,000293-13,669,118088,2,-81.2212600001071,32.0995899999635
465,41.03343,-74.1946,1U,NJ,287,34,000287-34,3819344,748456910,363,-74.1945999999046,41.0334300000512
466,39.79017,-75.49232,1U,DE,287,10,000287-10,114759,16716287,88,-75.4923199999743,39.7901700000674
467,40.995,-92.2114,3R,IA,277,19,000277-19,233057,39773122,153,-92.2113999996868,40.9950000002728
468,43.3925,-92.2981,3R,IA,276,19,000276-19,173967,37106525,182,-92.29810000012,43.3924999998549
469,42.4394,-90.9414,3R,IA,275,19,000275-19,811638,133830053,361,-90.9413999997538,42.4393999999159
470,41.4344,-92.995,3R,IA,274,19,000274-19,711492,117487566,359,-92.9949999998161,41.434400000212
471,41.0006,-93.125,3R,IA,273,19,000273-19,182574,31773320,302,-93.124999999788,41.0005999999094
472,41.3269,-94.9844,3R,IA,272,19,000272-19,91071,14402626,213,-94.9843999999586,41.3269000001459
473,61.22798,-149.89068,3U,AK,271,02,000271-02,306336,66284565,329,-149.890680000382,61.2279800000428
474,42.6944,-95.1514,3R,IA,270,19,000270-19,220297,40007144,335,-95.1514000002956,42.69440000021
475,61.14937,-149.90783,3U,AK,270,02,000270-02,343798,32529540,295,-149.907829999779,61.1493700000154
476,40.7346,-92.5196,3R,IA,266,19,000266-19,38858,6658565,153,-92.5196000000238,40.7346000002993
477,42.1782,-90.6723,3R,IA,265,19,000265-19,508172,89135776,303,-90.6723000004048,42.1782000001291
478,40.4716,-91.5675,3R,IA,264,19,000264-19,870583,184141448,363,-91.5674999998825,40.4716000002087
479,42.8231,-91.1789,3R,IA,263,19,000263-19,122404,19871337,366,-91.1789000000825,42.8231000002224
480,40.7155,-92.5047,3R,IA,262,19,000262-19,147481,26326472,366,-92.5047000001389,40.7154999997246
481,42.5753,-94.2275,3R,IA,261,19,000261-19,253108,38675702,335,-94.2274999997917,42.5753000002096
482,43.1052,-93.2802,3R,IA,256,19,000256-19,282019,64529356,143,-93.2802000000475,43.105200000252
483,42.4481,-93.2398,3R,IA,255,19,000255-19,738128,153546764,306,-93.2398000002994,42.4480999998111
484,43.0068,-92.6209,3R,IA,253,19,000253-19,632213,143200521,265,-92.6208999998678,43.0068000002315
485,41.626402,-93.497315,3U,IA,250,19,000250-19,1220117,169953430,305,-93.497314999656,41.6264020002551
486,41.576481,-91.545304,3R,IA,249,19,000249-19,1064892,200708186,327,-91.5453040000411,41.5764810003184
487,41.785,-92.2792,4R,IA,248,19,000248-19,26632,4335541,92,-92.2791999999043,41.7849999998152
488,41.748948,-90.568792,3R,IA,242,19,000242-19,896839,147056863,327,-90.5687919999828,41.7489479996834
489,47.768589,-116.972293,3R,ID,241,16,000241-16,302593,65699085,311,-116.972293000165,47.7685890001204
490,42.371702,-94.955,3R,IA,236,19,000236-19,8793,1556085,20,-94.9550000002219,42.3717020001057
491,40.887058,-98.345794,3U,NE,227,31,000227-31,1695,362018,5,-98.3457939996391,40.8870580000164
492,40.751094,-96.634475,3U,NE,226,31,000226-31,9934,2637625,5,-96.6344750002217,40.7510939998094
493,32.22384,-81.19492,3U,GA,226,13,000226-13,535065,109093011,140,-81.1949199999948,32.2238400002736
494,40.826728,-96.605892,3U,NE,225,31,000225-31,973,159737,4,-96.6058920002697,40.826728000209
495,40.827008,-96.71205,1U,NE,223,31,000223-31,1402,233276,4,-96.712050000237,40.8270080000481
496,41.011601,-74.202596,2U,NJ,208,34,000208-34,614172,83585888,342,-74.2025960003683,41.0116009998825
497,39.950398,-74.744282,3U,NJ,206,34,000206-34,249330,39347934,263,-74.7442819995612,39.9503979998833
498,41.0803,-91.5444,3R,IA,205,19,000205-19,1028414,203476276,358,-91.5444000002178,41.0802999999514
499,45.428609,-105.405028,3R,MT,204,30,000204-30,100461,26425753,119,-105.405027999903,45.4286090000129
500,45.686007,-108.697576,1U,MT,203,30,000203-30,1171765,275995372,355,-108.697576000151,45.686007000248
501,34.8221,-85.5393,1R,GA,203,13,000203-13,882061,221207283,169,-85.5392999998826,34.8220999996554
502,40.40979,-74.90199,3R,NJ,202,34,000202-34,8879,1402858,29,-74.9019899999742,40.4097900002514
503,40.18019,-74.55372,1R,NJ,195,34,000195-34,700586,116948533,274,-74.5537199996021,40.1801900002401
504,42.208815,-114.600013,3R,ID,192,16,000192-16,358041,64992989,355,-114.600013000337,42.2088149999006
505,46.520535,-114.69809,3R,ID,185,16,000185-16,23465,4943977,330,-114.69809000035,46.5205350002615
506,32.87104,-79.91722,1U,SC,183,45,000183-45,1847310,322607278,366,-79.9172199998741,32.8710399998486
507,33.12899,-80.26893,5R,SC,182,45,000182-45,176700,29203231,353,-80.2689299998121,33.1289899997847
508,34.71002,-80.99516,3R,SC,181,45,000181-45,206553,33504848,221,-80.9951599998229,34.7100199999822
509,34.9928,-81.99707,1U,SC,180,45,000180-45,5023097,1036117499,312,-81.997069999637,34.9928000002487
510,34.69699,-82.77228,2R,SC,179,45,000179-45,380887,46922902,351,-82.7722800000156,34.6969899997552
511,42.794104,-112.846976,4R,ID,179,16,000179-16,300146,79598700,353,-112.846976000173,42.7941040000538
512,34.68341,-82.8584,4U,SC,178,45,000178-45,13156,431192,32,-82.8583999995924,34.6834099997935
513,41.25167,-111.00538,1R,WY,177,56,000177-56,108820,22715303,341,-111.005379999876,41.2516699998434
514,33.513,-81.93163,1U,SC,177,45,000177-45,1005218,192883474,364,-81.9316300003333,33.5130000002076
515,34.77977,-82.27702,1U,SC,176,45,000176-45,1849440,254638487,364,-82.2770200001079,34.7797699998277
516,34.317589,-82.661811,3R,SC,175,45,000175-45,194562,32340493,349,-82.6618110002711,34.317589000303
517,34.47323,-80.27751,3R,SC,174,45,000174-45,477289,113169802,366,-80.2775100004318,34.4732299997505
518,33.56157,-81.11663,3R,SC,173,45,000173-45,102924,17410885,366,-81.116630000302,33.5615699997632
519,40.65664,-75.09733,4U,NJ,173,34,000173-34,18258,1938955,188,-75.0973299996907,40.6566399998922
520,41.55548,-109.92358,3R,WY,172,56,000172-56,238836,63543945,364,-109.923580000237,41.5554799999932
521,34.1796,-79.69552,4R,SC,172,45,000172-45,213267,30371041,360,-79.6955199999537,34.1796000001118
522,32.432517,-82.590043,1R,GA,172,13,000172-13,54472,11495824,10,-82.5900430004081,32.4325169999785
523,34.21563,-79.68403,4R,SC,171,45,000171-45,491847,91552939,351,-79.6840300003958,34.2156300000616
524,42.945636,-115.414944,1R,ID,171,16,000171-16,236906,57277105,36,-115.414943999873,42.9456360002587
525,34.317589,-82.661811,2U,SC,170,45,000170-45,282855,47842196,290,-82.6618110002711,34.317589000303
526,33.94493,-81.10635,3U,SC,169,45,000169-45,161407,21220064,366,-81.1063499999908,33.9449299999379
527,43.906052,-116.942897,3R,ID,169,16,000169-16,218548,48471433,336,-116.942896999728,43.9060520001077
528,33.83183,-78.71626,2U,SC,168,45,000168-45,810181,106874597,355,-78.7162600004408,33.8318299997298
529,33.43112,-79.54558,3R,SC,167,45,000167-45,157709,33253572,362,-79.5455800003988,33.4311199998235
530,42.575923,-114.210333,1R,ID,166,16,000166-16,2207531,556311565,299,-114.210333000088,42.5759229999694
531,41.26567,-104.8425,1R,WY,160,56,000160-56,196361,46044993,274,-104.842500000056,41.2656700001793
532,40.955073,-77.758941,1R,PA,158,42,000158-42,4598441,1126686863,361,-77.7589409996029,40.9550730001266
533,44.163,-105.44475,3R,WY,156,56,000156-56,161895,34888798,279,-105.444749999784,44.1630000003139
534,43.796368,-112.886758,4R,ID,156,16,000156-16,48950,12289127,331,-112.886758000328,43.7963679999109
535,31.8879,-82.60414,3R,GA,156,13,000156-13,173238,39950330,202,-82.6041399998538,31.8878999998199
536,39.97279,-83.277592,1R,OH,155,39,000155-39,340571,46275380,345,-83.2775919997306,39.972789999759
537,31.923357,-83.787066,3R,GA,154,13,000154-13,572345,113956744,366,-83.787066000158,31.9233569996782
538,46.970818,-112.568206,3R,MT,149,30,000149-30,88948,16042625,352,-112.56820599971,46.9708180000027
539,47.698517,-104.442209,4R,MT,148,30,000148-30,45466,8587738,365,-104.442208999958,47.698516999826
540,48.443062,-115.820374,3R,MT,147,30,000147-30,111612,16670309,364,-115.820374000301,48.443061999899
541,47.410922,-115.515833,1R,MT,146,30,000146-30,769415,183793789,310,-115.515832999813,47.4109220000482
542,47.333696,-104.48112,3R,MT,145,30,000145-30,146768,30492793,322,-104.481119999902,47.3336960001348
543,46.046,-108.467,3R,MT,144,30,000144-30,95101,15184242,357,-108.467000000234,46.0460000002874
544,45.160011,-111.678428,4R,MT,143,30,000143-30,134152,29618971,364,-111.67842800042,45.1600109998981
545,44.635713,-112.597713,1R,MT,142,30,000142-30,486461,125757596,362,-112.597712999576,44.6357129999448
546,45.649195,-111.391978,4R,MT,141,30,000141-30,109541,19786435,361,-111.39197799986,45.6491950002796
547,40.733078,-74.054362,3U,NJ,139,34,000139-34,434133,59426950,365,-74.0543620003526,40.7330780000041
548,40.172058,-74.057311,2U,NJ,138,34,000138-34,174260,21121150,365,-74.0573109996488,40.1720579997861
549,48.938797,-104.574623,3R,MT,138,30,000138-30,31872,8765256,358,-104.574623000372,48.9387970000947
550,43.494817,-116.86103,3R,ID,138,16,000138-16,103683,29570530,162,-116.861030000202,43.4948170001061
551,47.299974,-115.127479,1R,MT,137,30,000137-30,897058,219967294,354,-115.12747900006,47.2999740001897
552,48.914123,-111.919684,1R,MT,136,30,000136-30,312703,89760807,350,-111.919683999784,48.914122999851
553,48.957582,-107.818428,3R,MT,135,30,000135-30,1096,177709,181,-107.818428000079,48.9575820001183
554,44.630559,-116.443976,3R,ID,135,16,000135-16,124125,25869369,357,-116.443976000322,44.6305589999378
555,48.943133,-110.215097,5R,MT,134,30,000134-30,8557,1104914,364,-110.215097000258,48.9431329997848
556,42.444039,-111.348947,3R,ID,134,16,000134-16,199626,52435158,340,-111.348946999935,42.44403900025
557,47.835679,-114.336176,3R,MT,133,30,000133-30,217232,35630836,361,-114.336176000269,47.8356789998954
558,42.592263,-114.690658,4R,ID,133,16,000133-16,112626,19582002,354,-114.690657999951,42.5922630002633
559,46.988287,-104.168157,1R,MT,131,30,000131-30,198385,50360837,177,-104.168156999876,46.9882869998295
560,34.21871,-84.75224,1R,GA,131,13,000131-13,7829282,1846813031,361,-84.752240000096,34.2187100002327
561,39.722742,-75.466323,4U,NJ,130,34,000130-34,119034,16525915,366,-75.4663229999936,39.722741999814
562,45.993352,-112.557139,1U,MT,129,30,000129-30,1195950,283635946,347,-112.557138999751,45.9933520000583
563,30.6267,-83.1729,1R,GA,129,13,000129-13,3096103,700982016,348,-83.1729000000012,30.6267000003664
564,46.130486,-111.971409,4R,MT,128,30,000128-30,44981,11383437,287,-111.971409000131,46.1304860002705
565,34.47681,-83.05071,1R,GA,128,13,000128-13,5103476,1098186209,363,-83.0507099998218,34.4768099997773
566,30.7526,-81.65095,1U,GA,127,13,000127-13,2603199,626340804,186,-81.6509500001164,30.7525999998125
567,47.341531,-110.885274,3R,MT,126,30,000126-30,120048,24131247,310,-110.885274000426,47.3415310000996
568,40.592492,-95.668453,1R,IA,126,19,000126-19,759548,170512358,122,-95.6684529996386,40.5924920001357
569,47.048795,-111.997466,1R,MT,125,30,000125-30,292285,71303012,286,-111.997466000387,47.048794999725
570,45.871996,-111.970484,1R,MT,124,30,000124-30,937666,218128477,360,-111.970484000392,45.8719960001907
571,45.824561,-108.387279,1R,MT,123,30,000123-30,765229,178017775,334,-108.387278999565,45.8245609999582
572,41.6797,-93.4067,1R,IA,123,19,000123-19,3458605,787367600,313,-93.4067000001791,41.6797000001084
573,34.9849,-85.20146,1U,GA,122,13,000122-13,7266789,1640154569,352,-85.2014599996095,34.9849000002248
574,46.797778,-113.763833,1R,MT,121,30,000121-30,165193,40732710,60,-113.76383300044,46.7977780002443
575,42.5919,-93.5256,1R,IA,121,19,000121-19,298081,61997928,61,-93.5255999996821,42.5919000001463
576,42.01093,-97.363028,6R,NE,120,31,000120-31,363,64657,4,-97.363028000438,42.0109300001318
577,45.598974,-109.116484,1R,MT,120,30,000120-30,323846,78597689,107,-109.116483999709,45.5989739997368
578,41.458578,-97.387942,5R,NE,119,31,000119-31,422,72539,4,-97.387941999597,41.4585779999367
579,47.362208,-114.789716,4R,MT,118,30,000118-30,124344,19267520,354,-114.78971599978,47.3622079999655
580,40.477128,-97.083986,5R,NE,117,31,000117-31,55,8856,5,-97.0839859999883,40.477128000341
581,40.622556,-96.980739,4R,NE,116,31,000116-31,1567,293590,4,-96.9807389996823,40.6225559998112
582,47.805077,-110.873297,3R,MT,115,30,000115-30,42742,7771855,118,-110.873296999898,47.8050770001221
583,41.300406,-98.5793,4R,NE,114,31,000114-31,305,79518,3,-98.5793000003831,41.3004059999864
584,47.158349,-110.249331,3R,MT,114,30,000114-30,173005,36502398,329,-110.249330999829,47.1583489997481
585,40.8885,-96.977692,4R,NE,113,31,000113-31,2216,562351,5,-96.9776919995785,40.8885000003042
586,42.260042,-91.909995,1R,IA,113,19,000113-19,502569,111828998,140,-91.9099949998893,42.2600420002592
587,35.474613,-108.923281,1R,NM,111,35,000111-35,349311,93427293,31,-108.923281000425,35.4746130003022
588,46.401062,-105.640979,4R,MT,111,30,000111-30,25965,4760338,210,-105.640979000154,46.401062000219
589,46.108923,-108.879026,3R,MT,110,30,000110-30,167210,37080885,352,-108.879026000111,46.1089229999171
590,40.574031,-75.932523,1R,PA,106,42,000106-42,6059801,1294286603,366,-75.9325229999233,40.5740309996987
591,40.7472,-93.8402,1R,IA,106,19,000106-19,1846154,399844136,358,-93.8401999996501,40.7471999997108
592,45.861283,-111.358196,1R,MT,104,30,000104-30,990536,212723617,270,-111.358196000202,45.8612829999605
593,42.35373,-93.570192,1R,IA,104,19,000104-19,2191153,454618196,358,-93.5701920002799,42.3537300001998
594,41.22178,-103.463358,1R,NE,103,31,000103-31,16366,4753828,7,-103.463357999801,41.2217800001322
595,46.916999,-104.982281,1R,MT,103,30,000103-30,478247,120506040,360,-104.982280999673,46.9169989999636
596,61.18077,-149.75312,3U,AK,103,02,000103-02,262341,22091897,344,-149.753119999964,61.1807699999272
597,36.071753,-107.038829,3R,NM,102,35,000102-35,52096,7192510,30,-107.038829000105,36.0717529999242
598,45.009015,-106.879915,5R,MT,102,30,000102-30,8263,1223795,102,-106.879914999745,45.0090149999556
599,41.036194,-102.1342,1R,NE,101,31,000101-31,19372,5473622,3,-102.134200000194,41.0361940001503
600,37.197589,-85.822104,4R,KY,050P79,21,050P79-21,1620,161769,16,-85.8221040001135,37.1975889997462
601,37.56301,-86.30497,4R,KY,043P78,21,043P78-21,3608,379198,31,-86.3049699997417,37.5630100003106
602,37.65691,-82.79065,3U,KY,036P56,21,036P56-21,12141,1303213,17,-82.7906499996035,37.6569100001448
603,38.23729,-84.21886,3R,KY,009P26,21,009P26-21,35200,2732843,56,-84.2188600000899,38.237289999669
604,21.38882,-157.9415,1U,HI,000C7L,15,000C7L-15,3449891,315890143,349,-157.941499999768,21.38881999984
605,21.344313,-157.892629,1U,HI,000C4K,15,000C4K-15,236037,19507716,154,-157.892629000079,21.3443130003007
606,40.272957,-74.832849,1U,NJ,95,34,000095-34,387190,63369791,263,-74.8328490000905,40.272956999908
607,41.1424,-74.5994,4U,NJ,94,34,000094-34,79329,11696374,168,-74.5994000001461,41.1424000000758
608,39.1588,-81.5451,1U,WV,93,54,000093-54,333501,58190201,276,-81.5451000001206,39.1588000001106
609,42.641842,-113.038599,1R,ID,93,16,000093-16,769521,199370914,335,-113.038599000314,42.6418420002323
610,33.79916,-78.77957,2U,SC,84,45,000084-45,371862,33168149,366,-78.7795699998828,33.7991600000825
611,42.387127,-112.203674,1R,ID,79,16,000079-16,676689,161320715,285,-112.20367399987,42.3871269999498
612,39.727764,-74.90462,3U,NJ,73,34,000073-34,1240363,86410320,257,-74.9046200003265,39.7277640002347
613,44.510383,-108.111666,3R,WY,72,56,000072-56,63450,12799791,362,-108.111665999708,44.5103830001033
614,38.807754,-79.883271,3R,WV,72,54,000072-54,117028,17137332,342,-79.8832709998106,38.8077539997358
615,39.88255,-74.562788,3R,NJ,72,34,000072-34,232501,38073659,366,-74.5627880001185,39.8825499997679
616,38.157849,-82.176554,4R,WV,70,54,000070-54,43904,4255625,333,-82.1765539997669,38.1578490000052
617,40.3592,-80.6125,3U,WV,69,54,000069-54,12,1894,4,-80.6125000002447,40.3591999997787
618,37.764,-81.918,3R,WV,68,54,000068-54,162323,25626667,356,-81.9179999999696,37.7639999997032
619,40.058138,-74.650651,4U,NJ,68,34,000068-34,82203,11660549,349,-74.6506509999427,40.0581380002298
620,39.41,-77.926,3U,WV,66,54,000066-54,245625,35664894,264,-77.9260000003895,39.4099999997525
621,38.9485,-79.8765,3R,WV,65,54,000065-54,122957,19408297,362,-79.8764999995606,38.9485000000154
622,37.770647,-80.325506,1R,WV,62,54,000062-54,575998,134594553,360,-80.3255059997122,37.7706469999703
623,43.857965,-91.299282,1R,MN,61,27,000061-27,22657,3840528,31,-91.2992819997172,43.8579650000838
624,41.01222,-104.90437,1R,WY,59,56,000059-56,749597,166165466,335,-104.904370000097,41.0122200001371
625,43.857853,-91.299203,1R,MN,59,27,000059-27,518275,130443826,244,-91.2992030000744,43.8578530000953
626,40.3983,-80.5377,2U,WV,58,54,000058-54,161763,28893264,114,-80.5377000003465,40.3982999999529
627,40.1498,-80.6992,3U,WV,57,54,000057-54,4854,445627,26,-80.6991999997795,40.1497999998855
628,39.0544,-78.7804,3R,WV,55,54,000055-54,178653,26922025,362,-78.7804000000861,39.0543999999195
629,39.3375,-78.9133,4R,WV,54,54,000054-54,66454,7717512,363,-78.9132999998488,39.337500000336
630,39.5887,-79.939,1R,WV,53,54,000053-54,1159426,185233239,332,-79.9389999997889,39.5887000002831
631,39.4534,-78.3101,3R,WV,52,54,000052-54,272807,51299331,364,-78.3101000002665,39.4534000001122
632,38.3418,-80.6849,5R,WV,51,54,000051-54,104464,12591219,207,-80.6848999999443,38.3417999999682
633,39.4251,-78.0025,1R,WV,50,54,000050-54,3532519,773912667,315,-78.0024999999792,39.4251000001658
634,43.639005,-95.615747,1U,MN,49,27,000049-27,683753,154505026,302,-95.615747000373,43.6390049996915
635,44.072151,-95.320854,5R,MN,48,27,000048-27,36263,8275136,365,-95.3208540003596,44.0721509999026
636,37.3118,-81.0622,1R,WV,47,54,000047-54,1393969,215127280,362,-81.0622000001572,37.3117999999138
637,45.035783,-92.81089,3U,MN,47,27,000047-27,30434,5231980,30,-92.8108900002648,45.0357830001306
638,39.635785,-80.85477,4U,WV,45,54,000045-54,71557,10815406,204,-80.8547699999348,39.6357850002726
639,45.196803,-93.176725,3U,MN,45,27,000045-27,129492,13802409,335,-93.1767250001358,45.1968029999502
640,38.1477,-81.6519,5R,WV,44,54,000044-54,26159,4305916,82,-81.6518999999704,38.1477000002318
641,37.8399,-82.0063,4U,WV,43,54,000043-54,21255,1672896,85,-82.0062999996368,37.8399000002665
642,34.33083,-81.00443,1R,SC,43,45,000043-45,1763651,354567725,208,-81.0044300000056,34.3308299998569
643,38.3317,-81.5836,1U,WV,42,54,000042-54,1222041,270550243,186,-81.5836000001607,38.331700000261
644,44.77368,-92.86288,3R,MN,42,27,000042-27,96191,15647847,61,-92.8628800000281,44.7736800001861
645,30.91478,-84.598,2U,GA,41,13,000041-13,298962,61694864,188,-84.5979999997363,30.9147799997312
646,38.3591,-81.5916,4U,WV,40,54,000040-54,47388,4024359,352,-81.591599999924,38.3591000001692
647,39.56391,-75.02871,3U,NJ,40,34,000040-34,314884,48784565,366,-75.0287100002139,39.5639099997998
648,44.892033,-93.0665,2U,MN,40,27,000040-27,1657279,295245827,366,-93.0664999998905,44.8920330000512
649,38.4554,-81.9811,1U,WV,39,54,000039-54,784524,122752678,360,-81.9811000002476,38.4554000002575
650,44.061783,-91.63755,3U,MN,39,27,000039-27,229521,43762716,366,-91.6375499996124,44.0617829997941
651,38.2902,-81.5686,4U,WV,38,54,000038-54,39012,4236803,354,-81.5685999998184,38.2902000000527
652,46.761567,-92.1152,1U,MN,38,27,000038-27,124908,18260178,61,-92.1151999998154,46.7615669998332
653,39.3299,-78.0118,5R,WV,37,54,000037-54,22308,2572253,144,-78.0118000002991,39.3299000001664
654,42.166741,-72.61072,1U,MA,37,25,000037-25,52091,6057413,160,-72.6107199997039,42.1667409998546
655,42.127008,-70.800463,2U,MA,36,25,000036-25,84507,16691099,116,-70.8004630001077,42.1270079999577
656,47.530071,-95.330017,3R,MN,35,27,000035-27,85291,16578935,121,-95.3300170004122,47.5300709997928
657,38.3883,-81.7982,3U,WV,34,54,000034-54,67022,7798877,237,-81.798199999943,38.3883000001257
658,40.1228,-74.08008,3U,NJ,34,34,000034-34,100440,15005623,240,-74.0800799997757,40.1228000000278
659,44.928183,-95.42306,3R,MN,34,27,000034-27,177521,32238329,323,-95.4230599996767,44.9281830000599
660,38.8192,-81.6205,4R,WV,33,54,000033-54,46308,3291378,321,-81.6205000000684,38.819200000123
661,40.253227,-74.351132,3U,NJ,33,34,000033-34,110963,17445769,138,-74.3511319996095,40.2532269997532
662,44.774662,-94.960495,3R,MN,33,27,000033-27,220430,47898301,335,-94.9604950002048,44.7746619998408
663,39.2852,-80.3899,3U,WV,32,54,000032-54,607088,83905737,339,-80.3898999998007,39.2852000000163
664,44.15416,-92.533333,3R,MN,32,27,000032-27,641273,101039727,213,-92.5333330003196,44.1541599997584
665,39.9062,-80.7558,3U,WV,31,54,000031-54,100025,17186232,165,-80.7557999999691,39.9061999998783
666,47.88025,-96.91735,3R,MN,31,27,000031-27,162891,33366220,304,-96.9173499996993,47.8802500002745
667,37.9427,-82.0191,3R,WV,30,54,000030-54,213244,30513048,335,-82.0190999997971,37.9426999996514
668,44.5218,-70.4282,3R,ME,30,23,000030-23,192051,37873078,338,-70.4282000001183,44.5218000001177
669,40.0441,-80.6228,1U,WV,29,54,000029-54,543532,69566454,138,-80.622799999749,40.0441000000331
670,46.682898,-67.974995,5R,ME,29,23,000029-23,144504,15574874,328,-67.9749950002217,46.6828979998203
671,38.143125,-82.603486,3R,WV,28,54,000028-54,56496,7065416,343,-82.6034860002758,38.1431250002152
672,44.79366,-70.22386,4R,ME,28,23,000028-23,301343,31402642,325,-70.2238599996575,44.7936600000122
673,42.059882,-107.388514,3R,WY,27,56,000027-56,163641,38127329,364,-107.388513999763,42.059881999791
674,43.9647,-94.691996,3R,MN,27,27,000027-27,99688,10869928,90,-94.691995999832,43.9646999999934
675,46.89059,-68.51479,5R,ME,27,23,000027-23,8297,1567509,72,-68.5147899999275,46.8905900001232
676,38.3984,-82.4969,1U,WV,26,54,000026-54,1186061,200895639,361,-82.4968999997879,38.3984000002993
677,43.919677,-93.27691,1R,MN,26,27,000026-27,1935970,441812343,366,-93.2769100002694,43.9196769999153
678,44.9394,-69.84387,3R,ME,26,23,000026-23,156919,17643461,191,-69.8438699997162,44.9393999998229
679,44.23382,-70.25562,3R,ME,25,23,000025-23,733957,82715575,220,-70.2556200003079,44.2338200000533
680,40.0709,-80.6003,5R,WV,24,54,000024-54,75440,10726643,322,-80.600300000134,40.0709000000325
681,44.03466,-70.89116,3R,ME,24,23,000024-23,462265,42616830,327,-70.8911599996004,44.0346600002612
682,45.142777,-67.29557,3R,ME,23,23,000023-23,374237,52254301,325,-67.2955699996129,45.1427769999983
683,38.738277,-80.656096,5R,WV,22,54,000022-54,95511,17215366,344,-80.6560960000594,38.7382769997107
684,40.618657,-74.750928,4U,NJ,22,34,000022-34,180829,25083080,300,-74.7509280001378,40.6186569997214
685,44.5186,-69.7004,1R,ME,22,23,000022-23,812175,163001007,318,-69.7004000001124,44.518600000178
686,38.926304,-79.176166,5R,WV,20,54,000020-54,25173,3667994,281,-79.1761660001464,38.9263040000356
687,44.7641,-68.9495,1R,ME,19,23,000019-23,609967,103064885,123,-68.9495000004418,44.764099999829
688,38.6568,-80.0048,3R,WV,18,54,000018-54,4124,356137,266,-80.0047999998411,38.6567999999556
689,40.324207,-74.269228,2U,NJ,18,34,000018-34,187991,28561620,90,-74.2692280002737,40.3242069997267
690,45.483,-68.3781,4R,ME,18,23,000018-23,59768,7656290,332,-68.3780999998963,45.4830000002912
691,32.2002,-81.18769,1U,GA,18,13,000018-13,1781439,374006556,140,-81.1876900001603,32.2002000000859
692,41.090311,-74.153842,3U,NJ,17,34,000017-34,113535,20693372,29,-74.1538419999563,41.0903110002985
693,47.45764,-99.33795,3R,ND,17,38,000017-38,17100,8817507,31,-99.3379499995718,47.4576399999352
694,32.87801,-84.96221,1R,GA,17,13,000017-13,155997,29448588,73,-84.9622100002589,32.8780099999725
695,48.052,-103.66,3R,ND,16,38,000016-38,14257,7030346,354,-103.659999999724,48.0520000001562
696,32.51377,-83.06925,1R,GA,16,13,000016-13,2099244,464451820,312,-83.0692500001874,32.5137699996778
697,40.973025,-74.601335,2U,NJ,15,34,000015-34,94749,21422132,104,-74.6013350000142,40.9730249998338
698,44.5391,-68.3274,4R,ME,15,23,000015-23,427764,45850201,326,-68.3273999997456,44.5390999997778
699,39.0097,-80.3994,3U,WV,14,54,000014-54,298555,42111396,344,-80.3994000001373,39.0096999999436
700,46.83888,-100.656944,1R,ND,14,38,000014-38,221494,102396282,182,-100.656944000116,46.8388800000546
701,38.3755,-82.4545,5R,WV,13,54,000013-54,77211,8194910,362,-82.4544999998745,38.375499999776
702,48.760944,-98.143909,3R,ND,13,38,000013-38,11188,5339859,92,-98.1439089996283,48.7609439998516
703,33.19117,-84.85046,1R,GA,13,13,000013-13,2906093,652985614,299,-84.8504600002243,33.1911700002212
704,37.342364,-80.993979,3R,WV,12,54,000012-54,346827,69481362,364,-80.9939789999902,37.3423639997704
705,38.145286,-81.845304,3R,WV,11,54,000011-54,230629,32592845,357,-81.8453039999939,38.1452859997306
706,37.907746,-80.634521,4R,WV,10,54,000010-54,174893,28409897,355,-80.6345210001839,37.907746000274
707,48.15778,-98.95963,3R,ND,10,38,000010-38,172357,64556773,359,-98.959630000083,48.1577800000711
708,43.601944,-72.742151,3R,VT,00Y117,50,00Y117-50,15326,2874669,90,-72.7421509997537,43.6019440001341
709,43.64838,-72.346636,1U,VT,00Y085,50,00Y085-50,171015,36561969,125,-72.3466359997636,43.6483800001572
710,43.196345,-72.5031,3R,VT,00X249,50,00X249-50,39499,2914242,85,-72.5030999996964,43.1963450000992
711,42.787516,-72.560471,1R,VT,00X071,50,00X071-50,84053,786397,51,-72.5604709996398,42.7875159996903
712,32.097975,-81.091932,2U,GA,00W386,13,00W386-13,227109,40864070,163,-81.0919320001548,32.0979749999202
713,32.7816,-83.6778,1U,GA,00W284,13,00W284-13,657041,129324226,362,-83.6777999999875,32.781599999859
714,21.450159,-157.990262,1U,HI,00H13P,15,00H13P-15,1240030,74630875,335,-157.990261999678,21.4501589998707
715,44.990932,-73.313744,3R,VT,00G118,50,00G118-50,16211,76452,152,-73.3137439997447,44.9909319998
716,44.646598,-73.293098,4R,VT,00G005,50,00G005-50,63883,7026855,10,-73.2930979998069,44.6465979999075
717,44.30499,-73.244333,3R,VT,00D132,50,00D132-50,100760,10629300,152,-73.2443330004225,44.3049900002488
718,44.555102,-73.184242,1U,VT,00D092,50,00D092-50,250702,20335195,115,-73.1842419997152,44.5551020000644
719,21.368787,-158.057398,1U,HI,00C10K,15,00C10K-15,2063548,236942461,365,-158.057398000271,21.368787000063
720,42.905963,-73.245177,3R,VT,00B379,50,00B379-50,16438,1860045,24,-73.2451769999713,42.9059630000782
721,44.105999,-73.295501,4R,VT,00A111,50,00A111-50,20309,891301,31,-73.2955010003784,44.1059989999699
722,44.119005,-73.178801,3R,VT,00A041,50,00A041-50,39338,7727010,143,-73.178801000159,44.1190049998128
723,47.22516,-100.9338,3R,ND,9,38,000009-38,82942,24216991,151,-100.933799999729,47.2251600000022
724,38.3426,-80.8359,3R,WV,8,54,000008-54,489023,103082547,359,-80.8358999998564,38.3425999998297
725,48.95281,-102.5459,3R,ND,8,38,000008-38,88108,54122047,356,-102.545899999659,48.9528099999839
726,33.61184,-83.76171,1R,GA,8,13,000008-13,2525003,556533851,366,-83.7617100002349,33.6118400003312
727,38.480876,-81.463672,1R,WV,6,54,000006-54,499383,91703661,326,-81.4636720000875,38.4808759996843
728,48.86782,-97.23011,1R,ND,6,38,000006-38,50789,33969104,90,-97.2301100002338,48.8678199997817
729,43.7735,-70.1999,1U,ME,6,23,000006-23,614953,101137918,179,-70.1998999996521,43.7735000003077
730,39.008,-80.497,1R,WV,5,54,000005-54,749635,135318502,290,-80.4970000001245,39.0079999997939
731,43.289447,-70.988331,2U,NH,5,33,000005-33,650398,89774012,364,-70.9883310001405,43.289447000032
732,48.13986,-103.7572,3R,ND,5,38,000005-38,360798,94538852,151,-103.757199999678,48.1398600002738
733,39.3545,-80.2173,1R,WV,4,54,000004-54,1188377,229610469,330,-80.2172999998988,39.3544999997964
734,43.1403,-71.2852,1U,NH,4,33,000004-33,119478,17734414,73,-71.28520000003,43.1402999997767
735,46.081,-96.835,1R,ND,4,38,000004-38,267278,128406619,366,-96.8350000002996,46.0810000000869
736,21.329999,-158.089846,3U,HI,4,15,000004-15,545071,51139743,92,-158.089845999937,21.329998999685
737,42.907233,-70.876531,1U,NH,3,33,000003-33,246246,48518533,31,-70.8765309998772,42.9072330001144
738,45.96485,-98.52734,3R,ND,3,38,000003-38,110224,36574234,234,-98.5273399998587,45.9648499999064
739,43.00681,-71.43344,1U,NH,2,33,000002-33,734208,114712121,302,-71.4334399998935,43.0068099997678
740,46.117,-103.411,3R,ND,2,38,000002-38,59038,24490151,354,-103.410999999791,46.1170000000437
741,19.827761,-155.945863,3U,HI,2,15,000002-15,497010,49309347,363,-155.945863000201,19.8277610003099
742,37.8008,-80.8366,1R,WV,1,54,000001-54,92858,18329236,140,-80.8366000003635,37.8008000001033
743,43.00681,-71.43344,1U,NH,1,33,000001-33,747109,116771758,302,-71.4334399998935,43.0068099997678
744,46.88931,-103.3492,1R,ND,1,38,000001-38,297627,145191442,366,-103.34920000007,46.8893100001839
745,43.0977,-70.7578,1U,ME,1,23,000001-23,3910015,745274055,322,-70.7578000004286,43.0977000002394
746,32.51056,-98.388675,1R,TX,0WT555,48,0WT555-48,902205,194440739,78,-98.3886749997764,32.5105599996228
747,30.463887,-96.152404,2R,TX,0WT554,48,0WT554-48,756626,101251687,80,-96.1524039997384,30.4638869998077
748,32.906817,-94.362907,3R,TX,0WT553,48,0WT553-48,1027408,248418616,329,-94.3629069998829,32.9068169999897
749,32.342603,-97.193026,1R,TX,0WT550,48,0WT550-48,1141268,219042300,122,-97.193026000203,32.3426030003654
750,31.645068,-97.007285,3R,TX,0WT548,48,0WT548-48,590263,102895003,277,-97.0072849996589,31.6450680002751
751,33.461985,-96.284609,4R,TX,0WT546,48,0WT546-48,282139,42268057,209,-96.2846089999151,33.4619850003548
752,33.857758,-101.853782,1R,TX,0WT545,48,0WT545-48,149242,25639250,52,-101.853781999918,33.857757999649
753,33.1818,-102.390567,4R,TX,0WT543,48,0WT543-48,105661,16848248,197,-102.390567000229,33.1817999999785
754,33.226042,-94.099066,4R,TX,0WT541,48,0WT541-48,108662,21187764,300,-94.0990659996169,33.2260419996547
755,27.837811,-97.633466,1U,TX,0WT534,48,0WT534-48,2106895,452183920,363,-97.6334659999785,27.8378110000135
756,33.806468,-98.72181,3R,TX,0WT530,48,0WT530-48,11820,2115564,8,-98.7218100000871,33.8064680000372
757,33.03688,-97.432377,3U,TX,0WT527,48,0WT527-48,43498,7408253,13,-97.432376999836,33.0368799999696
758,30.248334,-99.448676,1R,TX,0WT518,48,0WT518-48,2005547,451626659,364,-99.4486760001325,30.2483340002529
759,33.952655,-98.582175,2R,TX,0WT506,48,0WT506-48,61610,11622313,14,-98.5821750000594,33.9526550003432
760,29.542571,-98.065949,1U,TX,0WT502,48,0WT502-48,1284866,248194174,93,-98.0659489996484,29.5425710002444
761,32.097407,-81.092684,2U,GA,0WR388,13,0WR388-13,19509,3030990,161,-81.0926839996421,32.0974070003479
762,32.097193,-81.092027,2U,GA,0WR387,13,0WR387-13,14147,1957023,154,-81.0920269996911,32.0971929996359
763,45.428609,-105.405028,3R,MT,0W-204,30,0W-204-30,193191,49135638,237,-105.405027999903,45.4286090000129
